ticker,theme_candidate,sub_theme_candidate,candidate_score,include,note,cik,entity_name,latest_period_end,latest_filed,latest_form,latest_accession,latest_fiscal_year,latest_fiscal_period,latest_period_type,revenue,operating_income,net_income,assets,liabilities,equity,current_assets,current_liabilities,operating_cash_flow,capital_expenditure,free_cash_flow_proxy,revenue_growth,operating_income_growth,net_income_growth,asset_growth,operating_margin,net_margin,roa,roe,debt_ratio,debt_to_equity,current_ratio,ocf_to_assets,factor_available_count,source_fact_count,pit_valid,financial_warning,data_quality_score,selection_reason,factor_file,exchange,sector,industry,theme,sub_theme,market_cap,is_ai_infrastructure,classification_rule,classification_score,ai_relevance_score,quality_component,factor_component,selection_score,classification_source,quota_theme,selection_stage,universe_rank,selected_for_index
MSFT,Cloud,Hyperscale Cloud,100,True,,0000789019,MICROSOFT CORP,2025-06-30,2025-07-30,10-K,0000950170-25-100235,2025.0,FY,annual,281724000000.0,128528000000.0,101832000000.0,619003000000.0,275524000000.0,343479000000.0,191131000000.0,141218000000.0,136162000000.0,64551000000.0,71611000000.0,0.14932156232406713,0.17449032741494785,0.15539620586366532,0.20860546349502007,0.4562195624085985,0.3614601524896707,0.18004784443662558,0.3328082411153743,0.44510931287893596,0.8021567548525529,1.3534464445042416,0.2407462741984819,13.0,10.0,True,False,100.0,latest_annual_pit_valid,C:\Users\python\Desktop\AI_Custom_Index\data\factors\0000789019.parquet,,,,Cloud,Hyperscale Cloud,,True,curated_candidate_universe,100,100,100.0,100.0,100.0,candidate_csv,Cloud,theme_quota,1,True
SMCI,Server,AI Server,100,True,,0001375365,"Super Micro Computer, Inc.",2025-06-30,2025-08-28,10-K,0001375365-25-000027,2025.0,FY,annual,21972042000.0,1252994000.0,1048854000.0,14018429000.0,7716558000.0,6301693000.0,12301654000.0,2344792000.0,1659524000.0,127214000.0,1532310000.0,0.46585323042492255,0.03487025654663878,-0.09006251594130477,0.42665354649640985,0.057026743349571245,0.047735845398438614,0.08797442397773476,0.17900214004745668,0.5504581148144346,1.2245214103575024,5.246373239076217,0.13919541516476677,13.0,10.0,True,False,100.0,latest_annual_pit_valid,C:\Users\python\Desktop\AI_Custom_Index\data\factors\0001375365.parquet,,,,Server,AI Server,,True,curated_candidate_universe,100,100,100.0,100.0,100.0,candidate_csv,Server,theme_quota,2,True
VRT,Power,Data Center Power Management,100,True,,0001674101,Vertiv Holdings Co,2025-12-31,2026-02-13,10-K,0001674101-26-000008,2025.0,FY,annual,10229900000.0,1829700000.0,1332800000.0,12212400000.0,8271100000.0,3941300000.0,6819500000.0,4407000000.0,2113800000.0,220000000.0,1893800000.0,0.2768541401432887,0.3380868802106187,1.688180718031464,0.33724609909663283,0.1788580533534052,0.13028475351665217,0.12488229038318287,0.4180939833113746,0.677270642953064,2.0985715373100247,1.5474245518493306,0.19806136360442073,13.0,10.0,True,False,100.0,latest_annual_pit_valid,C:\Users\python\Desktop\AI_Custom_Index\data\factors\0001674101.parquet,,,,Power,Data Center Power Management,,True,curated_candidate_universe,100,100,100.0,100.0,100.0,candidate_csv,Power,theme_quota,3,True
ASML,Semiconductor,Lithography Equipment,98,True,,0000937966,ASML HOLDING NV,2025-12-31,2026-02-25,20-F,0001628280-26-011378,2025.0,FY,annual,32667300000.0,11301400000.0,9609400000.0,50566600000.0,30954400000.0,19612200000.0,30616100000.0,24263900000.0,12658500000.0,1573600000.0,11084900000.0,0.15583680372502462,0.25256577926540014,0.26913730255164037,0.04068771918270575,0.34595451720833986,0.29415960302810457,0.1938234825457208,0.5045761243403607,0.6121511036929514,1.5783236964746434,1.2617963311751201,0.25532442751940876,13.0,10.0,True,False,100.0,latest_annual_pit_valid,C:\Users\python\Desktop\AI_Custom_Index\data\factors\0000937966.parquet,,,,Semiconductor,Lithography Equipment,,True,curated_candidate_universe,98,98,100.0,100.0,98.8,candidate_csv,Semiconductor,theme_quota,4,True
GOOGL,Cloud,Hyperscale Cloud,98,True,,0001652044,Alphabet Inc.,2025-12-31,2026-02-05,10-K,0001652044-26-000018,2025.0,FY,annual,402836000000.0,129039000000.0,132170000000.0,595281000000.0,180016000000.0,415265000000.0,206038000000.0,102745000000.0,164713000000.0,91447000000.0,73266000000.0,0.1509008108154437,0.14813595515615274,0.3201422321660441,0.322094541771792,0.32032638592380025,0.3280987796522654,0.252827016164899,0.3570478247421149,0.3024050826416432,0.4334966828410774,2.005333592875566,0.3150782803478021,13.0,10.0,True,False,100.0,latest_annual_pit_valid,C:\Users\python\Desktop\AI_Custom_Index\data\factors\0001652044.parquet,,,,Cloud,Hyperscale Cloud,,True,curated_candidate_universe,98,98,100.0,100.0,98.8,candidate_csv,Cloud,theme_quota,5,True
TSM,Semiconductor,Foundry,98,True,,0001046179,TAIWAN SEMICONDUCTOR MANUFACTURING CO LTD,2024-12-31,2025-04-17,20-F,0001193125-25-083423,2024.0,FY,annual,2894307700000.0,1322053000000.0,1157523900000.0,6691764700000.0,2412493100000.0,4279271600000.0,3088352100000.0,1308655900000.0,1826177100000.0,956006500000.0,870170600000.0,0.3388813286063912,0.4347285454823273,0.3601483241967329,0.20960355964211397,0.45677693494717236,0.39993118216145435,0.18938605442083656,0.29936718704144183,0.36051672587949785,0.5637625571604289,2.359942059635386,0.2987864662169701,13.0,10.0,True,False,100.0,latest_annual_pit_valid,C:\Users\python\Desktop\AI_Custom_Index\data\factors\0001046179.parquet,,,,Semiconductor,Foundry,,True,curated_candidate_universe,98,98,100.0,100.0,98.8,candidate_csv,Semiconductor,theme_quota,6,True
AMD,Semiconductor,GPU,97,True,,0000002488,ADVANCED MICRO DEVICES INC,2025-12-27,2026-02-04,10-K,0000002488-26-000018,2025.0,FY,annual,34639000000.0,3694000000.0,4335000000.0,76926000000.0,13927000000.0,62999000000.0,26947000000.0,9455000000.0,7709000000.0,974000000.0,6735000000.0,0.3433779329067288,0.9442105263157894,1.6416819012797075,0.1112298847253923,0.10664280146655504,0.12514795461762754,0.0593218019596037,0.07191022419069895,0.1810441203234277,0.22106700106350893,2.850026441036489,0.10549291148940829,13.0,9.0,True,False,100.0,latest_annual_pit_valid,C:\Users\python\Desktop\AI_Custom_Index\data\factors\0000002488.parquet,,,,Semiconductor,GPU,,True,curated_candidate_universe,97,97,100.0,100.0,98.2,candidate_csv,Semiconductor,theme_quota,7,True
AVGO,Semiconductor,AI Accelerator / Networking ASIC,96,True,,0001730168,Broadcom Inc.,2025-11-02,2025-12-18,10-K,0001730168-25-000121,2025.0,FY,annual,63887000000.0,25484000000.0,23126000000.0,171092000000.0,89800000000.0,81292000000.0,31573000000.0,18514000000.0,27537000000.0,623000000.0,26914000000.0,0.23874432853763516,0.8928916289088613,2.922985581000848,0.03288357632285921,0.3988917933225852,0.3619828760154648,0.13735348357917307,0.3104786198563469,0.5248638159586655,1.1046597451163707,1.7053581073782003,0.16355197082589676,13.0,10.0,True,False,100.0,latest_annual_pit_valid,C:\Users\python\Desktop\AI_Custom_Index\data\factors\0001730168.parquet,,,,Semiconductor,AI Accelerator / Networking ASIC,,True,curated_candidate_universe,96,96,100.0,100.0,97.6,candidate_csv,Semiconductor,theme_quota,8,True
ANET,Networking,Data Center Switching,100,True,,0001596532,"Arista Networks, Inc.",2025-12-31,2026-02-17,10-K,0001596532-26-000013,2025.0,FY,annual,9005700000.0,3856100000.0,3511400000.0,19448600000.0,7078100000.0,12370500000.0,16387000000.0,5376500000.0,4371900000.0,,,0.28595062847468844,0.30954256853864814,0.23118285979157482,0.384841170781294,0.42818437211987964,0.3899086134337142,0.20968263332581025,0.3140041851426408,0.3639387925094865,0.5721757406733762,3.0478936110852786,0.26106723945922133,12.0,9.0,True,False,95.0,latest_annual_pit_valid,C:\Users\python\Desktop\AI_Custom_Index\data\factors\0001596532.parquet,,,,Networking,Data Center Switching,,True,curated_candidate_universe,100,100,94.11764705882352,92.3076923076923,97.3756,candidate_csv,Networking,theme_quota,9,True
EQIX,Data Center,Colocation / Interconnection,100,True,,0001101239,EQUINIX INC,2025-12-31,2026-02-11,10-K,0001101239-26-000032,2025.0,FY,annual,9217000000.0,1848000000.0,1350000000.0,40141000000.0,25963000000.0,14156000000.0,5125000000.0,3893000000.0,3911000000.0,,,0.05361225422953808,0.39156626506024095,0.656441717791411,0.1441071683055437,0.2004990777910383,0.1464684821525442,0.035891845904341586,0.09752925877763328,0.6467950474577115,1.8340632947160216,1.3164654508091447,0.10398000691250366,12.0,9.0,True,False,95.0,latest_annual_pit_valid,C:\Users\python\Desktop\AI_Custom_Index\data\factors\0001101239.parquet,,,,Data Center,Colocation / Interconnection,,True,curated_candidate_universe,100,100,94.11764705882352,92.3076923076923,97.3756,candidate_csv,Data Center,theme_quota,10,True
NVDA,Semiconductor,GPU,100,True,,0001045810,NVIDIA CORP,2026-01-25,2026-02-25,10-K,0001045810-26-000021,2026.0,FY,annual,215938000000.0,130387000000.0,120067000000.0,206803000000.0,49510000000.0,157293000000.0,125605000000.0,32163000000.0,102718000000.0,,,0.6547353579009478,0.6007636305599549,0.6474615806805708,0.8530568722502487,0.6038168363141272,0.5560253406070261,0.7541802238665344,1.014850815653791,0.23940658501085574,0.3147628947251308,3.905263812455306,0.6452054622429366,12.0,9.0,True,False,95.0,latest_annual_pit_valid,C:\Users\python\Desktop\AI_Custom_Index\data\factors\0001045810.parquet,,,,Semiconductor,GPU,,True,curated_candidate_universe,100,100,94.11764705882352,92.3076923076923,97.3756,candidate_csv,Semiconductor,theme_quota,11,True
AMZN,Cloud,Hyperscale Cloud,100,True,,0001018724,AMAZON COM INC,2025-12-31,2026-02-06,10-K,0001018724-26-000004,2025.0,FY,annual,716924000000.0,79975000000.0,77670000000.0,818042000000.0,406977000000.0,411065000000.0,229083000000.0,218005000000.0,139514000000.0,,,0.12377754683294695,0.16593529952035913,0.3109303267620849,0.3090892215319718,0.11155296795755199,0.10833784334183261,0.1076555023923445,0.22285824958574535,0.49750135078638996,0.9900551007748166,1.0508153482718285,0.19337517395088902,12.0,8.0,True,False,93.89,latest_annual_pit_valid,C:\Users\python\Desktop\AI_Custom_Index\data\factors\0001018724.parquet,,,,Cloud,Hyperscale Cloud,,True,curated_candidate_universe,100,100,92.81176470588235,92.3076923076923,97.0491,candidate_csv,Cloud,theme_quota,12,True
AMAT,Semiconductor,Wafer Equipment,94,True,,0000006951,APPLIED MATERIALS INC /DE,2025-10-26,2025-12-12,10-K,0001628280-25-056742,2025.0,FY,annual,28368000000.0,8289000000.0,6998000000.0,36299000000.0,15884000000.0,20415000000.0,20881000000.0,7999000000.0,7958000000.0,2260000000.0,5698000000.0,0.04386223138063006,0.05364179483920184,-0.024940783056987548,0.05492748990089802,0.2921954314720812,0.24668640721940213,0.19794082706341573,0.35508422975441445,0.437587812336428,0.7780553514572618,2.6104513064133017,0.22509475589749392,13.0,10.0,True,False,100.0,latest_annual_pit_valid,C:\Users\python\Desktop\AI_Custom_Index\data\factors\0000006951.parquet,,,,Semiconductor,Wafer Equipment,,True,curated_candidate_universe,94,94,100.0,100.0,96.4,candidate_csv,Semiconductor,theme_quota,13,True
LITE,Optical,Optical Components,94,True,,0001633978,Lumentum Holdings Inc.,2025-06-28,2025-08-19,10-K,0001628280-25-040830,2025.0,FY,annual,1645000000.0,-180100000.0,25900000.0,4218700000.0,3084000000.0,1134700000.0,1717300000.0,392800000.0,126300000.0,231000000.0,-104700000.0,0.2102707474985286,-0.5850230414746544,-1.0473924977127174,0.07294183473638705,-0.10948328267477203,0.01574468085106383,0.006355360341569946,0.024760994263862333,0.7310308862919856,2.717899004142064,4.3719450101833,0.030991583441709814,13.0,10.0,True,False,100.0,latest_annual_pit_valid,C:\Users\python\Desktop\AI_Custom_Index\data\factors\0001633978.parquet,,,,Optical,Optical Components,,True,curated_candidate_universe,94,94,100.0,100.0,96.4,candidate_csv,Optical,theme_quota,14,True
MRVL,Semiconductor,Data Center ASIC,94,True,,0001835632,"Marvell Technology, Inc.",2026-01-31,2026-03-11,10-K,0001835632-26-000011,2026.0,FY,annual,8194600000.0,1322900000.0,2670100000.0,22285300000.0,7976900000.0,14308400000.0,6460600000.0,3220500000.0,1750500000.0,354100000.0,1396400000.0,0.42087285211450776,-2.8365958628349297,-4.0170621468926555,0.10298695835086247,0.16143557952798185,0.3258365264930564,0.12568192836869083,0.19254094045876388,0.35794447460882284,0.557497693662464,2.0060860114888994,0.08239624568720022,13.0,10.0,True,False,100.0,latest_annual_pit_valid,C:\Users\python\Desktop\AI_Custom_Index\data\factors\0001835632.parquet,,,,Semiconductor,Data Center ASIC,,True,curated_candidate_universe,94,94,100.0,100.0,96.4,candidate_csv,Semiconductor,theme_quota,15,True
MU,Semiconductor,Memory / HBM,94,True,,0000723125,MICRON TECHNOLOGY INC,2025-08-28,2025-10-03,10-K,0000723125-25-000028,2025.0,FY,annual,37378000000.0,9770000000.0,8539000000.0,82798000000.0,28633000000.0,54165000000.0,28841000000.0,11454000000.0,17525000000.0,15857000000.0,1668000000.0,0.4885110111106685,6.492331288343558,9.975578406169666,0.19277976259075724,0.2613837016426775,0.22844989030980792,0.11219730116809229,0.17199081533999355,0.3458175318244402,0.5286254961691129,2.5179849834119086,0.2302679122813933,13.0,10.0,True,False,100.0,latest_annual_pit_valid,C:\Users\python\Desktop\AI_Custom_Index\data\factors\0000723125.parquet,,,,Semiconductor,Memory / HBM,,True,curated_candidate_universe,94,94,100.0,100.0,96.4,candidate_csv,Semiconductor,theme_quota,16,True
CIEN,Optical,Optical Networking,92,True,,0000936395,CIENA CORP,2025-11-01,2025-12-12,10-K,0001628280-25-056698,2025.0,FY,annual,4769507000.0,197531000.0,123338000.0,5864667000.0,3135344000.0,2729323000.0,3565507000.0,1308394000.0,806093000.0,140801000.0,665292000.0,0.18793535668519334,0.18553929070863107,0.46907904140263956,0.0395881330968173,0.04141539156982053,0.025859695771491685,0.02143889398960751,0.044482505602329546,0.5346158613950289,1.1487625319538948,2.7251019188409606,0.1401169337330319,13.0,10.0,True,False,100.0,latest_annual_pit_valid,C:\Users\python\Desktop\AI_Custom_Index\data\factors\0000936395.parquet,,,,Optical,Optical Networking,,True,curated_candidate_universe,92,92,100.0,100.0,95.2,candidate_csv,Optical,theme_quota,17,True
ORCL,Cloud,Cloud Infrastructure,92,True,,0001341439,ORACLE CORP,2026-05-31,2026-06-22,10-K,0001193125-26-277521,2026.0,FY,annual,67357000000.0,20606000000.0,17087000000.0,261759000000.0,219251000000.0,42508000000.0,46567000000.0,41764000000.0,31977000000.0,55663000000.0,-23686000000.0,0.1734873429850694,0.16562959610815708,0.3732218918267298,0.5547484274861756,0.30592217586887777,0.2536781626260077,0.07945224588486934,0.542797693737194,0.8376063478237615,5.157876164486685,1.1150033521693323,0.14868873802659724,13.0,9.0,True,False,100.0,latest_annual_pit_valid,C:\Users\python\Desktop\AI_Custom_Index\data\factors\0001341439.parquet,,,,Cloud,Cloud Infrastructure,,True,curated_candidate_universe,92,92,100.0,100.0,95.2,candidate_csv,Cloud,theme_quota,18,True
PWR,Power,Grid / Electrical Infrastructure,92,True,,0001050915,"QUANTA SERVICES, INC.",2025-12-31,2026-02-19,10-K,0001050915-26-000006,2025.0,FY,annual,28479697000.0,1611509000.0,1028378000.0,24926901000.0,15899027000.0,8938249000.0,9903417000.0,8716198000.0,2229970000.0,609154000.0,1620816000.0,0.2030559551586537,0.19684166277995474,0.13655031254697048,0.33413842960145246,0.05658448543184993,0.036109162256887775,0.04716162592312293,0.1265230395214561,0.6378260578801994,1.7787630440816764,1.1362083559827347,0.10226688139943332,13.0,10.0,True,False,100.0,latest_annual_pit_valid,C:\Users\python\Desktop\AI_Custom_Index\data\factors\0001050915.parquet,,,,Power,Grid / Electrical Infrastructure,,True,curated_candidate_universe,92,92,100.0,100.0,95.2,candidate_csv,Power,theme_quota,19,True
DELL,Server,Enterprise / AI Server,91,True,,0001571996,Dell Technologies Inc.,2026-01-30,2026-03-16,10-K,0001571996-26-000008,2026.0,FY,annual,113538000000.0,8149000000.0,5936000000.0,101286000000.0,103756000000.0,-2470000000.0,57602000000.0,63269000000.0,11185000000.0,2633000000.0,8552000000.0,0.1880460828528676,0.3065576398909733,0.29268292682926833,0.27010759160334064,0.07177332699184415,0.052282055347108454,0.0655795660435724,-3.0040485829959516,1.024386391011591,-42.00647773279352,0.9104300684379396,0.12356931371249281,13.0,10.0,True,False,100.0,latest_annual_pit_valid,C:\Users\python\Desktop\AI_Custom_Index\data\factors\0001571996.parquet,,,,Server,Enterprise / AI Server,,True,curated_candidate_universe,91,91,100.0,100.0,94.6,candidate_csv,Server,theme_quota,20,True
DLR,Data Center,Data Center REIT,98,True,,0001297996,"DIGITAL REALTY TRUST, INC.",2025-12-31,2026-02-13,10-K,0001104659-26-015365,2025.0,FY,annual,6112692000.0,658492000.0,1308589000.0,49410468000.0,24564494000.0,22925663000.0,,,2412136000.0,,,0.1004009384032456,0.3955122662462065,1.1719679994688708,0.0911334465869511,0.10772536879005191,0.21407736558622617,0.02763824189903986,0.059123807269045404,0.4971516157264489,1.0714845629546244,,0.05094586479129995,11.0,7.0,True,False,92.78,latest_annual_pit_valid,C:\Users\python\Desktop\AI_Custom_Index\data\factors\0001297996.parquet,,,,Data Center,Data Center REIT,,True,curated_candidate_universe,98,98,91.50588235294119,84.61538461538461,94.3688,candidate_csv,Data Center,theme_quota,21,True
CSCO,Networking,Network Equipment,90,True,,0000858877,"CISCO SYSTEMS, INC.",2025-07-26,2025-09-03,10-K,0000858877-25-000111,2025.0,FY,annual,56654000000.0,11760000000.0,10180000000.0,122291000000.0,75448000000.0,46843000000.0,34986000000.0,35064000000.0,14193000000.0,905000000.0,13288000000.0,0.05298961024478199,-0.03456202282242837,-0.013565891472868241,-0.017056095424111684,0.20757581106364953,0.17968722420305716,0.0825280498086776,0.22058504875406285,0.6169546409793034,1.6106568750933972,0.9977754962354551,0.11506096374602763,13.0,10.0,True,False,100.0,latest_annual_pit_valid,C:\Users\python\Desktop\AI_Custom_Index\data\factors\0000858877.parquet,,,,Networking,Network Equipment,,True,curated_candidate_universe,90,90,100.0,100.0,94.0,candidate_csv,Networking,theme_quota,22,True
GDS,Data Center,Data Center Operator,90,True,,0001526125,GDS Holdings Ltd,2025-12-31,2026-04-29,20-F,0001104659-26-051006,2025.0,FY,annual,11432274000.0,-55750000.0,949643000.0,79998498000.0,52261437000.0,25783012000.0,18547457000.0,7128359000.0,3365254000.0,4691137000.0,-1325883000.0,0.10755654777705392,-1.0483943912853637,-0.7227632155908852,0.08621844252142763,-0.004876545121294328,0.08306685091697417,0.01236135064446308,0.039370736852413143,0.6532802278362776,2.0269717517875723,2.601925211679154,0.04380497165954149,13.0,10.0,True,False,100.0,latest_annual_pit_valid,C:\Users\python\Desktop\AI_Custom_Index\data\factors\0001526125.parquet,,,,Data Center,Data Center Operator,,True,curated_candidate_universe,90,90,100.0,100.0,94.0,candidate_csv,Data Center,theme_quota,23,True
MOD,Cooling,Thermal Management,90,True,,0000067347,MODINE MANUFACTURING CO,2026-03-31,2026-05-27,10-K,0001104659-26-066795,2026.0,FY,annual,3181100000.0,342400000.0,121500000.0,2674600000.0,1471800000.0,1194500000.0,1416100000.0,728900000.0,248700000.0,143300000.0,105400000.0,0.2313141087671764,0.2077601410934744,-0.33967391304347827,0.3947642886942011,0.10763572349187388,0.038194335292823234,0.05291581377117721,0.11545588444909013,0.5502878935167875,1.2321473419840938,1.942790506242283,0.10831409781803929,13.0,10.0,True,False,100.0,latest_annual_pit_valid,C:\Users\python\Desktop\AI_Custom_Index\data\factors\0000067347.parquet,,,,Cooling,Thermal Management,,True,curated_candidate_universe,90,90,100.0,100.0,94.0,candidate_csv,Cooling,theme_quota,24,True
NVT,Power,Electrical Connection / Protection,90,True,,0001720635,nVent Electric plc,2025-12-31,2026-02-17,10-K,0001628280-26-008608,2025.0,FY,annual,3893100000.0,616800000.0,710200000.0,6851900000.0,3121700000.0,3730200000.0,1639600000.0,1003500000.0,465200000.0,93300000.0,371900000.0,0.2950666977146468,0.170176437108708,1.140446051838457,0.017372195578256644,0.15843415273175618,0.18242531658575428,0.1045426443312627,0.2038520049369959,0.4555962579722413,0.8368720175861885,1.6338814150473344,0.06847822886919658,13.0,10.0,True,False,100.0,latest_annual_pit_valid,C:\Users\python\Desktop\AI_Custom_Index\data\factors\0001720635.parquet,,,,Power,Electrical Connection / Protection,,True,curated_candidate_universe,90,90,100.0,100.0,94.0,candidate_csv,Power,theme_quota,25,True
COHR,Optical,Optical Components,96,True,,0000820318,COHERENT CORP.,2025-06-30,2025-08-15,10-K,0000820318-25-000014,2025.0,FY,annual,5810115000.0,,49364000.0,14910936000.0,6429653000.0,5644514000.0,3927154000.0,1794841000.0,633600000.0,440836000.0,192764000.0,0.23417588421322733,,-1.3161238264789887,0.029147123186354262,,0.008496217372633761,0.0033581443538119775,0.009095474382404042,0.4312038493089904,1.139097715055716,2.188023340229023,0.0431026712295452,11.0,9.0,True,False,95.0,latest_annual_pit_valid,C:\Users\python\Desktop\AI_Custom_Index\data\factors\0000820318.parquet,,,,Optical,Optical Components,,True,curated_candidate_universe,96,96,94.11764705882352,84.61538461538461,93.8217,candidate_csv,Optical,theme_quota,26,True
LRCX,Semiconductor,Wafer Equipment,94,True,,0000707549,LAM RESEARCH CORP,2025-06-29,2025-08-11,10-K,0000707549-25-000075,2025.0,FY,annual,18435591000.0,5900968000.0,5358217000.0,21345260000.0,11483641000.0,9861619000.0,14516995000.0,6568425000.0,6173264000.0,,,0.23684089764599192,0.3839325520947543,0.3998265831925203,0.1387340483148114,0.32008564303688447,0.29064525243589967,0.26730948385417325,0.5823809296338317,0.5379948991017209,1.1644782667024554,2.210118102893768,0.3079703590831706,12.0,9.0,True,False,95.0,latest_annual_pit_valid,C:\Users\python\Desktop\AI_Custom_Index\data\factors\0000707549.parquet,,,,Semiconductor,Wafer Equipment,,True,curated_candidate_universe,94,94,94.11764705882352,92.3076923076923,93.7756,candidate_csv,Semiconductor,theme_quota,27,True
CRDO,Semiconductor,High-Speed Connectivity IC,89,True,,0001807794,Credo Technology Group Holding Ltd,2026-05-02,2026-06-15,10-K,0001628280-26-043303,2026.0,FY,annual,1335116000.0,445005000.0,472279000.0,2295619000.0,232007000.0,2063612000.0,2001070000.0,197091000.0,464292000.0,57296000.0,406996000.0,2.0567592009615936,10.986989548540029,8.050437882068874,1.8366995898707086,0.33330811704750746,0.3537363045608022,0.3042176241498855,0.3440769577669192,0.10106511577051767,0.11242762689885502,10.153025759674465,0.29907281321379664,13.0,10.0,True,False,100.0,latest_annual_pit_valid,C:\Users\python\Desktop\AI_Custom_Index\data\factors\0001807794.parquet,,,,Semiconductor,High-Speed Connectivity IC,,True,curated_candidate_universe,89,89,100.0,100.0,93.4,candidate_csv,Semiconductor,theme_quota,28,True
TT,Cooling,HVAC / Thermal Management,93,True,,0001466258,Trane Technologies plc,2025-12-31,2026-02-05,10-K,0001628280-26-005731,2025.0,FY,annual,21321900000.0,3967400000.0,2918600000.0,21420700000.0,12819800000.0,8579200000.0,7863000000.0,6286700000.0,3194500000.0,,,0.07479005151677076,0.1335104711293964,0.13657073873593206,0.06323616274625632,0.18607159774691748,0.13688273559110586,0.14042735412847568,0.3639923674594365,0.5984771739485638,1.4942885117493472,1.250735680086532,0.15370218007380784,12.0,9.0,True,False,95.0,latest_annual_pit_valid,C:\Users\python\Desktop\AI_Custom_Index\data\factors\0001466258.parquet,,,,Cooling,HVAC / Thermal Management,,True,curated_candidate_universe,93,93,94.11764705882352,92.3076923076923,93.1756,candidate_csv,Cooling,theme_quota,29,True
ETN,Power,Electrical Equipment,95,True,,0001551182,Eaton Corp plc,2025-12-31,2026-02-26,10-K,0001551182-26-000007,2025.0,FY,annual,27448000000.0,,4087000000.0,41251000000.0,21826000000.0,19425000000.0,12355000000.0,9370000000.0,4472000000.0,919000000.0,3553000000.0,0.10330412412573353,,0.07722720084343693,0.0747765821630495,,0.1488997376858059,0.10264717701426562,0.2155988710996228,0.5291023247921263,1.1236036036036037,1.3185699039487726,0.11231665662045409,11.0,8.0,True,False,93.89,latest_annual_pit_valid,C:\Users\python\Desktop\AI_Custom_Index\data\factors\0001551182.parquet,,,,Power,Electrical Equipment,,True,curated_candidate_universe,95,95,92.81176470588235,84.61538461538461,92.8952,candidate_csv,Power,theme_quota,30,True
AAOI,Optical,Optical Transceivers,88,True,,0001158114,"APPLIED OPTOELECTRONICS, INC.",2025-12-31,2026-02-26,10-K,0001437749-26-005875,2025.0,FY,annual,455715000.0,-54602000.0,-38228000.0,1168423000.0,434505000.0,733918000.0,675727000.0,257283000.0,-174428000.0,179148000.0,-353576000.0,0.8275018547109658,-0.22995994810176568,-0.7952798916099457,1.1359317188025564,-0.1198161131408885,-0.08388576193454242,-0.044568933606535875,-0.0793910885434514,0.37187302886026724,0.5920348049782128,2.6263958364913345,-0.20336062444074604,13.0,10.0,True,False,100.0,latest_annual_pit_valid,C:\Users\python\Desktop\AI_Custom_Index\data\factors\0001158114.parquet,,,,Optical,Optical Transceivers,,True,curated_candidate_universe,88,88,100.0,100.0,92.8,candidate_csv,Optical,theme_quota,31,True
ARM,Semiconductor,CPU Architecture,88,True,,0001973239,ARM HOLDINGS PLC /UK,2026-03-31,2026-05-26,20-F,0001973239-26-000097,2026.0,FY,annual,4920000000.0,900000000.0,904000000.0,10703000000.0,2417000000.0,8286000000.0,6236000000.0,1040000000.0,1524000000.0,545000000.0,979000000.0,0.22785126029448466,0.08303249097472931,0.14141414141414144,0.19827586206896552,0.18292682926829268,0.183739837398374,0.09208046855105678,0.11953719008264463,0.22582453517705317,0.2916968380400676,5.996153846153846,0.15523300229182582,13.0,10.0,True,False,100.0,latest_annual_pit_valid,C:\Users\python\Desktop\AI_Custom_Index\data\factors\0001973239.parquet,,,,Semiconductor,CPU Architecture,,True,curated_candidate_universe,88,88,100.0,100.0,92.8,candidate_csv,Semiconductor,theme_quota,32,True
INTC,Semiconductor,CPU / Foundry,88,True,,0000050863,INTEL CORP,2025-12-27,2026-01-23,10-K,0000050863-26-000011,2025.0,FY,annual,52853000000.0,-2214000000.0,-267000000.0,211429000000.0,97148000000.0,114281000000.0,63688000000.0,31575000000.0,9697000000.0,14646000000.0,-4949000000.0,-0.004670345191239322,-0.810412741907861,-0.9857645553422905,0.07605669643993185,-0.04188976973870925,-0.005051747299112633,-0.0013090994670445241,-0.0025005736334646057,0.4594828523996235,0.8500800658027143,2.017038796516231,0.04754433532558333,13.0,9.0,True,False,100.0,latest_annual_pit_valid,C:\Users\python\Desktop\AI_Custom_Index\data\factors\0000050863.parquet,,,,Semiconductor,CPU / Foundry,,True,curated_candidate_universe,88,88,100.0,100.0,92.8,candidate_csv,Semiconductor,theme_quota,33,True
MPWR,Semiconductor,Power Management IC,87,True,,0001280452,MONOLITHIC POWER SYSTEMS INC,2025-12-31,2026-02-27,10-K,0001437749-26-006113,2025.0,FY,annual,2790459000.0,728636000.0,621483000.0,4194199000.0,662702000.0,3531497000.0,2183802000.0,369365000.0,838202000.0,172013000.0,666189000.0,0.2643101807802093,0.3509320340108055,-0.6521615268371859,0.15954838921931036,0.26111689868942706,0.2227171228819345,0.15912417094423256,0.186148997553489,0.15800442468275827,0.1876546971440157,5.912314377377391,0.21461278640573855,13.0,10.0,True,False,100.0,latest_annual_pit_valid,C:\Users\python\Desktop\AI_Custom_Index\data\factors\0001280452.parquet,,,,Semiconductor,Power Management IC,,True,curated_candidate_universe,87,87,100.0,100.0,92.2,candidate_csv,Semiconductor,theme_quota,34,True
NET,Networking,Edge Network / CDN,87,True,,0001477333,"Cloudflare, Inc.",2025-12-31,2026-02-26,10-K,0001477333-26-000016,2025.0,FY,annual,2167937000.0,-207205000.0,-102267000.0,6036256000.0,4577133000.0,1459123000.0,4644837000.0,2350563000.0,603114000.0,315617000.0,287497000.0,0.29845666035387564,0.33887090416836285,0.2978045685279187,0.828524622542002,-0.09557703936968648,-0.04717249624873786,-0.02190477067643325,-0.0816397400096754,0.7582735059613112,3.1369068954433588,1.9760529711392547,0.1291821786279676,13.0,10.0,True,False,100.0,latest_annual_pit_valid,C:\Users\python\Desktop\AI_Custom_Index\data\factors\0001477333.parquet,,,,Networking,Edge Network / CDN,,True,curated_candidate_universe,87,87,100.0,100.0,92.2,candidate_csv,Networking,theme_quota,35,True
KLAC,Semiconductor,Process Control,93,True,,0000319201,KLA CORP,2025-06-30,2025-08-08,10-K,0000319201-25-000024,2025.0,FY,annual,12156162000.0,,4061643000.0,16067926000.0,11375473000.0,4692453000.0,10698789000.0,4085795000.0,4081903000.0,335259000.0,3746644000.0,0.2388764775285417,,0.47059954466062437,0.04110262009440979,,0.33412215138297763,0.2578698812107058,1.0077542114095397,0.7079615004450481,2.4242060602418394,2.618532990519593,0.2591561694919085,11.0,9.0,True,False,95.0,latest_annual_pit_valid,C:\Users\python\Desktop\AI_Custom_Index\data\factors\0000319201.parquet,,,,Semiconductor,Process Control,,True,curated_candidate_universe,93,93,94.11764705882352,84.61538461538461,92.0217,candidate_csv,Semiconductor,theme_quota,36,True
CARR,Cooling,HVAC / Data Center Cooling,91,True,,0001783180,CARRIER GLOBAL Corp,2025-12-31,2026-02-05,10-K,0001783180-26-000008,2025.0,FY,annual,21747000000.0,2172000000.0,1484000000.0,37190000000.0,23062000000.0,14128000000.0,8533000000.0,7114000000.0,2513000000.0,,,-0.032864893711642806,-0.17913832199546487,-0.7351891506067094,-0.0056947303692217455,0.09987584494413022,0.06823929737435049,0.03978925636453823,0.10405637555656838,0.6201129335842969,1.632361268403171,1.1994658420016868,0.06737897657957181,12.0,9.0,True,False,95.0,latest_annual_pit_valid,C:\Users\python\Desktop\AI_Custom_Index\data\factors\0001783180.parquet,,,,Cooling,HVAC / Data Center Cooling,,True,curated_candidate_universe,91,91,94.11764705882352,92.3076923076923,91.9756,candidate_csv,Cooling,theme_quota,37,True
GEV,Power,Grid / Power Generation,91,True,,0001996810,GE Vernova Inc.,2025-12-31,2026-01-29,10-K,0001996810-26-000015,2025.0,FY,annual,38068000000.0,1388000000.0,4884000000.0,63016000000.0,50720000000.0,11178000000.0,40216000000.0,40972000000.0,4987000000.0,,,0.08968083583798481,1.9469214437367302,2.1469072164948453,0.2239681460619598,0.03646106966481034,0.1282967321634969,0.08530929860874578,0.4713375796178344,0.8048749523930431,4.53748434424763,0.9815483744996583,0.0871084095335412,12.0,9.0,True,False,95.0,latest_annual_pit_valid,C:\Users\python\Desktop\AI_Custom_Index\data\factors\0001996810.parquet,,,,Power,Grid / Power Generation,,True,curated_candidate_universe,91,91,94.11764705882352,92.3076923076923,91.9756,candidate_csv,Power,theme_quota,38,True
MTSI,Optical,Optical / RF Semiconductors,86,True,,0001493594,"MACOM Technology Solutions Holdings, Inc.",2025-10-03,2025-11-14,10-K,0001493594-25-000054,2025.0,FY,annual,967258000.0,129652000.0,-54210000.0,2103360000.0,776265000.0,1327095000.0,1205088000.0,325119000.0,235368000.0,42551000.0,192817000.0,0.32577736719034833,0.7599978280346429,-1.7053175295020753,0.1980588275500672,0.13404076265070952,-0.05604502624945981,-0.028095361492614667,-0.044191049457944324,0.3690595047923323,0.5849355170503996,3.7066058889206723,0.12198393366157036,13.0,10.0,True,False,100.0,latest_annual_pit_valid,C:\Users\python\Desktop\AI_Custom_Index\data\factors\0001493594.parquet,,,,Optical,Optical / RF Semiconductors,,True,curated_candidate_universe,86,86,100.0,100.0,91.6,candidate_csv,Optical,theme_quota,39,True
WDC,Storage,Data Storage Hardware,86,True,,0000106040,WESTERN DIGITAL CORP,2025-06-27,2025-08-14,10-K,0000106040-25-000038,2025.0,FY,annual,9520000000.0,2334000000.0,1889000000.0,14002000000.0,8462000000.0,5311000000.0,5856000000.0,5418000000.0,1691000000.0,412000000.0,1279000000.0,-0.26786126278551103,-8.362776025236593,-3.3671679197994986,-0.4211179097072929,0.24516806722689075,0.19842436974789915,0.09892642052893427,0.23423646847293694,0.604342236823311,1.593296930898136,1.080841638981174,0.08855721393034825,13.0,10.0,True,False,100.0,latest_annual_pit_valid,C:\Users\python\Desktop\AI_Custom_Index\data\factors\0000106040.parquet,,,,Storage,Data Storage Hardware,,True,curated_candidate_universe,86,86,100.0,100.0,91.6,candidate_csv,Storage,theme_quota,40,True
FN,Optical,Optical Manufacturing,85,True,,0001408710,Fabrinet,2025-06-27,2025-08-19,10-K,0001408710-25-000039,2025.0,FY,annual,3419327000.0,324447000.0,332527000.0,2831432000.0,849620000.0,1981812000.0,2428839000.0,809842000.0,328365000.0,121078000.0,207287000.0,0.18604444657188246,0.16873615388771812,0.12271550166958711,0.21077998511023432,0.09488621591324843,0.09724925401986999,0.12863835653374664,0.1784155145045401,0.30006724512543476,0.428708676705964,2.9991516863783305,0.1270282832467851,13.0,10.0,True,False,100.0,latest_annual_pit_valid,C:\Users\python\Desktop\AI_Custom_Index\data\factors\0001408710.parquet,,,,Optical,Optical Manufacturing,,True,curated_candidate_universe,85,85,100.0,100.0,91.0,candidate_csv,Optical,theme_quota,41,True
GNRC,Power,Backup Power,85,True,,0001474735,GENERAC HOLDINGS INC.,2025-12-31,2026-02-18,10-K,0001437749-26-004568,2025.0,FY,annual,4209147000.0,289191000.0,159554000.0,5573679000.0,2934633000.0,2632422000.0,2462478000.0,1215346000.0,437978000.0,169850000.0,268128000.0,-0.020179317915915762,-0.4612104139418939,-0.49558509713418586,0.0908823483935568,0.06870536952023772,0.03790649269317513,0.0298706076283744,0.062244328710476526,0.5265163279047824,1.1148034015822692,2.0261538689393803,0.08199524291374809,13.0,10.0,True,False,100.0,latest_annual_pit_valid,C:\Users\python\Desktop\AI_Custom_Index\data\factors\0001474735.parquet,,,,Power,Backup Power,,True,curated_candidate_universe,85,85,100.0,100.0,91.0,candidate_csv,Power,theme_quota,42,True
CGNX,Industrial Automation,Machine Vision,84,True,,0000851205,COGNEX CORP,2025-12-31,2026-02-12,10-K,0000851205-26-000012,2025.0,FY,annual,994359000.0,162566000.0,114442000.0,2016555000.0,524654000.0,1491901000.0,697246000.0,183551000.0,245514000.0,8743000.0,236771000.0,0.08730747992105115,0.4128188415243559,0.07790262877810328,0.011895024713350244,0.16348823714573912,0.11509122962632208,0.05708677472093739,0.07605620511157352,0.26017341456097154,0.351668106663914,3.7986499664943256,0.12246904465874613,13.0,10.0,True,False,100.0,latest_annual_pit_valid,C:\Users\python\Desktop\AI_Custom_Index\data\factors\0000851205.parquet,,,,Industrial Automation,Machine Vision,,True,curated_candidate_universe,84,84,100.0,100.0,90.4,candidate_csv,Industrial Automation,theme_quota,43,True
ENTG,Semiconductor,Materials / Process Products,84,True,,0001101302,ENTEGRIS INC,2025-12-31,2026-02-11,10-K,0001101302-26-000012,2025.0,FY,annual,3196600000.0,455900000.0,235600000.0,8350500000.0,4397100000.0,3953400000.0,1638200000.0,488600000.0,695400000.0,299200000.0,396200000.0,-0.013762769930223517,-0.1461299590576901,-0.19531946432047875,-0.0052557471332830286,0.14262028405180505,0.07370330976662705,0.028139541550015766,0.061635829566989986,0.526567271420873,1.1122325087266656,3.3528448628735164,0.08305703392988524,13.0,9.0,True,False,100.0,latest_annual_pit_valid,C:\Users\python\Desktop\AI_Custom_Index\data\factors\0001101302.parquet,,,,Semiconductor,Materials / Process Products,,True,curated_candidate_universe,84,84,100.0,100.0,90.4,candidate_csv,Semiconductor,theme_quota,44,True
FIX,Cooling,Mechanical / HVAC Services,84,True,,0001035983,COMFORT SYSTEMS USA INC,2025-12-31,2026-02-19,10-K,0001104659-26-017530,2025.0,FY,annual,9101641000.0,1314589000.0,1022558000.0,6441169000.0,3992395000.0,2448774000.0,4110553000.0,3393850000.0,1186356000.0,154903000.0,1031453000.0,0.29515077675114076,0.7542612517998477,0.9572997877239762,0.36723597606327885,0.14443428388353266,0.11234875117574952,0.1833813550028483,0.49238970012880856,0.619824600161865,1.6303648274605986,1.2111769818937195,0.21275621607357148,13.0,10.0,True,False,100.0,latest_annual_pit_valid,C:\Users\python\Desktop\AI_Custom_Index\data\factors\0001035983.parquet,,,,Cooling,Mechanical / HVAC Services,,True,curated_candidate_universe,84,84,100.0,100.0,90.4,candidate_csv,Cooling,theme_quota,45,True
HON,Industrial Automation,Automation / Controls,84,True,,0000773840,HONEYWELL INTERNATIONAL INC,2025-12-31,2026-02-17,10-K,0000773840-26-000013,2025.0,FY,annual,37442000000.0,8127000000.0,4729000000.0,73681000000.0,59777000000.0,13904000000.0,30387000000.0,23414000000.0,6408000000.0,986000000.0,5422000000.0,-0.02742999636344745,-0.06575468444648813,-0.17107800175284837,-0.020147348263205522,0.2170557128358528,0.12630201378131511,0.06352895343135609,0.29080958091197,0.8112946349805241,4.299266398158803,1.2978132741095072,0.08608448585073585,13.0,9.0,True,False,100.0,latest_annual_pit_valid,C:\Users\python\Desktop\AI_Custom_Index\data\factors\0000773840.parquet,,,,Industrial Automation,Automation / Controls,,True,curated_candidate_universe,84,84,100.0,100.0,90.4,candidate_csv,Industrial Automation,theme_quota,46,True
NTNX,Server,Hyperconverged Infrastructure,84,True,,0001618732,"Nutanix, Inc.",2025-07-31,2025-09-24,10-K,0001193125-25-213801,2025.0,FY,annual,2537927000.0,172541000.0,188366000.0,3283194000.0,3977714000.0,-694520000.0,2589166000.0,1413541000.0,821456000.0,71283000.0,750173000.0,0.1810815816710225,21.81383049054608,-2.5096453616509717,0.5313990553743193,0.06798501296530593,0.07422041689930403,0.06941666212158511,-0.2648066871539952,1.2115379109489113,-5.727285031388585,1.8316879383052915,0.30272306891768586,13.0,10.0,True,False,100.0,latest_annual_pit_valid,C:\Users\python\Desktop\AI_Custom_Index\data\factors\0001618732.parquet,,,,Server,Hyperconverged Infrastructure,,True,curated_candidate_universe,84,84,100.0,100.0,90.4,candidate_csv,Server,theme_quota,47,True
ONTO,Semiconductor,Inspection / Metrology,84,True,,0000704532,ONTO INNOVATION INC.,2026-01-03,2026-02-24,10-K,0001193125-26-066937,2024.0,FY,annual,1005263000.0,132927000.0,136759000.0,2367741000.0,267094000.0,2100647000.0,1268035000.0,218946000.0,328315000.0,28513000.0,299802000.0,0.018172407960531656,-0.28955174422644214,-0.32186740715029505,0.11839358818303047,0.13223106788969652,0.13604300566120509,0.06098734579132507,0.06792897803542455,0.11280541241630736,0.12714844521711643,5.791542206754177,0.14641128140362894,13.0,10.0,True,False,100.0,latest_annual_pit_valid,C:\Users\python\Desktop\AI_Custom_Index\data\factors\0000704532.parquet,,,,Semiconductor,Inspection / Metrology,,True,curated_candidate_universe,84,84,100.0,100.0,90.4,candidate_csv,Semiconductor,theme_quota,48,True
STX,Storage,Data Storage Hardware,84,True,,0001137789,Seagate Technology Holdings plc,2025-06-27,2025-08-01,10-K,0001137789-25-000157,2027.0,FY,annual,9097000000.0,1890000000.0,1469000000.0,8023000000.0,8476000000.0,-453000000.0,3653000000.0,2648000000.0,1083000000.0,265000000.0,818000000.0,0.38864295527400405,3.18141592920354,3.3850746268656717,0.03669724770642202,0.20776080026382324,0.16148180718918326,0.1863976652709047,-1.5113168724279835,1.0564626698242552,-18.71081677704194,1.3795317220543806,0.13741910925009518,13.0,10.0,True,False,100.0,latest_annual_pit_valid,C:\Users\python\Desktop\AI_Custom_Index\data\factors\0001137789.parquet,,,,Storage,Data Storage Hardware,,True,curated_candidate_universe,84,84,100.0,100.0,90.4,candidate_csv,Storage,theme_quota,49,True
HUBB,Power,Electrical Equipment,88,True,,0000048898,HUBBELL INC,2025-12-31,2026-02-12,10-K,0001628280-26-007500,2025.0,FY,annual,5844600000.0,1208800000.0,887100000.0,8228800000.0,4370900000.0,3847900000.0,2594000000.0,1508700000.0,1029800000.0,,,0.03839388824731271,0.10736533528765113,0.1405245564412445,0.23202227845068957,0.20682339253327858,0.15178113130068782,0.11901072585676051,0.2493184564795818,0.531171009138635,1.135918293094935,1.7193610393053622,0.1381549379859001,12.0,9.0,True,False,95.0,latest_annual_pit_valid,C:\Users\python\Desktop\AI_Custom_Index\data\factors\0000048898.parquet,,,,Power,Electrical Equipment,,True,curated_candidate_universe,88,88,94.11764705882352,92.3076923076923,90.1756,candidate_csv,Power,theme_quota,50,True
ROK,Industrial Automation,Industrial Controls,90,True,,0001024478,"ROCKWELL AUTOMATION, INC",2025-09-30,2025-11-12,10-K,0001024478-25-000116,2025.0,FY,annual,8342000000.0,1703000000.0,869000000.0,11219000000.0,7565000000.0,3654000000.0,3911000000.0,3445000000.0,1544000000.0,,,0.009414099368360018,,-0.08766404199475064,-0.0011663001575841214,0.20414768640613762,0.10417166147206905,0.07741268801974067,0.24299875564503726,0.6743025225064623,2.0703338806787084,1.135268505079826,0.13754337203967734,11.0,8.0,True,False,93.89,latest_annual_pit_valid,C:\Users\python\Desktop\AI_Custom_Index\data\factors\0001024478.parquet,,,,Industrial Automation,Industrial Controls,,True,curated_candidate_universe,90,90,92.81176470588235,84.61538461538461,89.8952,candidate_csv,Industrial Automation,theme_quota,51,True
HPE,Server,Enterprise / HPC Server,88,True,,0001645590,Hewlett Packard Enterprise Co,2025-10-31,2025-12-18,10-K,0001645590-25-000130,2025.0,FY,annual,34296000000.0,-437000000.0,57000000.0,75906000000.0,51218000000.0,24688000000.0,24994000000.0,24643000000.0,2919000000.0,,,0.13838085438311154,-1.1995433789954337,-0.9778984102365258,0.06516797171002775,-0.012742010730114299,0.001662001399580126,0.0007746249184605349,0.0023028442146089205,0.6747556187916633,2.074611147116008,1.0142433956904597,0.0396689497716895,12.0,8.0,True,False,93.89,latest_annual_pit_valid,C:\Users\python\Desktop\AI_Custom_Index\data\factors\0001645590.parquet,,,,Server,Enterprise / HPC Server,,True,curated_candidate_universe,88,88,92.81176470588235,92.3076923076923,89.8491,candidate_csv,Server,theme_quota,52,True
LSCC,Semiconductor,FPGA,83,True,,0000855658,LATTICE SEMICONDUCTOR CORP,2026-01-03,2026-02-13,10-K,0001437749-26-004100,2025.0,FY,annual,523262000.0,11232000.0,3084000.0,883120000.0,169066000.0,714054000.0,363874000.0,117673000.0,175107000.0,42527000.0,132580000.0,0.02721039024265748,-0.6740284992889689,-0.9495509643225205,0.04647098066957933,0.021465346231906768,0.0058937969888889314,0.0035714637268872505,0.004328463577887783,0.19144170667632937,0.23676920793105283,3.09224715950133,0.2027847920959941,13.0,10.0,True,False,100.0,latest_annual_pit_valid,C:\Users\python\Desktop\AI_Custom_Index\data\factors\0000855658.parquet,,,,Semiconductor,FPGA,,True,curated_candidate_universe,83,83,100.0,100.0,89.8,candidate_csv,Semiconductor,theme_quota,53,True
SNOW,Cloud,Cloud Data Platform,83,True,,0001640147,Snowflake Inc.,2026-01-31,2026-03-20,10-K,0001640147-26-000008,2026.0,FY,annual,4683946000.0,-1435165000.0,-1331616000.0,9132495000.0,7208393000.0,1924102000.0,5742612000.0,4421691000.0,1221942000.0,101628000.0,1120314000.0,0.29162562500068945,-0.01431652255135607,0.03576117731246686,0.010909638742262695,-0.3064008423666712,-0.28429362763789334,-0.14660181225450258,-0.540864182211688,0.7893125591637334,3.746367396323064,1.2987366145666894,0.13452745511460615,13.0,10.0,True,False,100.0,latest_annual_pit_valid,C:\Users\python\Desktop\AI_Custom_Index\data\factors\0001640147.parquet,,,,Cloud,Cloud Data Platform,,True,curated_candidate_universe,83,83,100.0,100.0,89.8,candidate_csv,Cloud,theme_quota,54,True
ACLS,Semiconductor,Ion Implantation Equipment,82,True,,0001113232,AXCELIS TECHNOLOGIES INC,2025-12-31,2026-02-26,10-K,0001104659-26-020461,2025.0,FY,annual,839048000.0,119315000.0,120238000.0,1361351000.0,326674000.0,1034677000.0,943202000.0,197660000.0,118305000.0,11295000.0,107010000.0,-0.17567850353435865,-0.43397345275482224,-0.40177718516159844,0.009319526298190661,0.14220282987385705,0.14330288612808803,0.08873220935364035,0.1174504888235073,0.23996309548382452,0.31572558392619143,4.7718405342507335,0.08730571057055524,13.0,10.0,True,False,100.0,latest_annual_pit_valid,C:\Users\python\Desktop\AI_Custom_Index\data\factors\0001113232.parquet,,,,Semiconductor,Ion Implantation Equipment,,True,curated_candidate_universe,82,82,100.0,100.0,89.2,candidate_csv,Semiconductor,theme_quota,55,True
AKAM,Networking,Edge Network / CDN,82,True,,0001086222,AKAMAI TECHNOLOGIES INC,2025-12-31,2026-02-20,10-K,0001086222-26-000022,2025.0,FY,annual,4208175000.0,566944000.0,452031000.0,11479643000.0,6502272000.0,4977371000.0,2286680000.0,967518000.0,1518765000.0,507786000.0,1010979000.0,0.0543718029408935,0.06286522025230079,-0.10474374056777536,0.10713482823686671,0.13472443517676902,0.10741734837548343,0.04137881224223546,0.0917296013039321,0.5664176142062954,1.3063667546582323,2.3634495688969093,0.13902739364131828,13.0,10.0,True,False,100.0,latest_annual_pit_valid,C:\Users\python\Desktop\AI_Custom_Index\data\factors\0001086222.parquet,,,,Networking,Edge Network / CDN,,True,curated_candidate_universe,82,82,100.0,100.0,89.2,candidate_csv,Networking,theme_quota,56,True
ATKR,Power,Electrical Infrastructure Products,82,True,,0001666138,Atkore Inc.,2025-09-30,2025-11-26,10-K,0001628280-25-054049,2025.0,FY,annual,2850378000.0,23173000.0,-15175000.0,2851922000.0,1453581000.0,1398341000.0,1600804000.0,524519000.0,402762000.0,107108000.0,295654000.0,-0.1098279759891545,-0.9629103818279597,-1.0320911367135293,-0.056093477103186795,0.00812979892491452,-0.005323855292175284,-0.005167430714288755,-0.010329309270410425,0.5096846968465477,1.0395039550438698,3.051946640636469,0.13714957030302258,13.0,10.0,True,False,100.0,latest_annual_pit_valid,C:\Users\python\Desktop\AI_Custom_Index\data\factors\0001666138.parquet,,,,Power,Electrical Infrastructure Products,,True,curated_candidate_universe,82,82,100.0,100.0,89.2,candidate_csv,Power,theme_quota,57,True
CEG,Power,Electric Power Generation,82,True,,0001868275,Constellation Energy Corp,2025-12-31,2026-02-24,10-K,0001868275-26-000032,2025.0,FY,annual,22663000000.0,3086000000.0,2319000000.0,57249000000.0,42396000000.0,14517000000.0,12119000000.0,7944000000.0,4237000000.0,2949000000.0,1288000000.0,0.1950537861210715,-0.29090073529411764,-0.3814350493464924,0.08168008162339868,0.1361690861757049,0.1023253761637912,0.04209666439754935,0.1675396452696601,0.7405544201645443,2.9204381070469103,1.52555387713998,0.07691400045382346,13.0,10.0,True,False,100.0,latest_annual_pit_valid,C:\Users\python\Desktop\AI_Custom_Index\data\factors\0001868275.parquet,,,,Power,Electric Power Generation,,True,curated_candidate_universe,82,82,100.0,100.0,89.2,candidate_csv,Power,theme_quota,58,True
GFS,Semiconductor,Foundry,82,True,,0001709048,GLOBALFOUNDRIES Inc.,2025-12-31,2026-02-27,20-F,0001709048-26-000022,2025.0,FY,annual,6791000000.0,797000000.0,888000000.0,17141000000.0,5158000000.0,11983000000.0,6205000000.0,2368000000.0,1731000000.0,722000000.0,1009000000.0,0.006074074074074121,-4.724299065420561,-4.3893129770992365,0.02035835466396807,0.11736121337063761,0.1307613017228685,0.052327637006482026,0.07787082913140703,0.3009159325593606,0.4304431277643328,2.62035472972973,0.10200353565114909,13.0,10.0,True,False,100.0,latest_annual_pit_valid,C:\Users\python\Desktop\AI_Custom_Index\data\factors\0001709048.parquet,,,,Semiconductor,Foundry,,True,curated_candidate_universe,82,82,100.0,100.0,89.2,candidate_csv,Semiconductor,theme_quota,59,True
KEYS,Industrial Automation,Electronic Test Equipment,82,True,,0001601046,"Keysight Technologies, Inc.",2025-10-31,2025-12-17,10-K,0001601046-25-000127,2025.0,FY,annual,5375000000.0,876000000.0,850000000.0,11301000000.0,5420000000.0,5881000000.0,4348000000.0,1850000000.0,1409000000.0,128000000.0,1281000000.0,0.07953404298051825,0.05162064825930379,0.3843648208469055,0.21922537490559924,0.16297674418604652,0.15813953488372093,0.08264462809917356,0.1547423994174404,0.47960357490487565,0.9216119707532733,2.3502702702702702,0.13699562469615945,13.0,10.0,True,False,100.0,latest_annual_pit_valid,C:\Users\python\Desktop\AI_Custom_Index\data\factors\0001601046.parquet,,,,Industrial Automation,Electronic Test Equipment,,True,curated_candidate_universe,82,82,100.0,100.0,89.2,candidate_csv,Industrial Automation,theme_quota,60,True
LII,Cooling,HVAC Equipment,82,True,,0001069202,LENNOX INTERNATIONAL INC,2025-12-31,2026-02-17,10-K,0001069202-26-000028,2025.0,FY,annual,5195300000.0,1041500000.0,805800000.0,4081800000.0,2918700000.0,1163100000.0,1903800000.0,1191800000.0,757600000.0,118800000.0,638800000.0,-0.027334169584183665,0.006474681097796697,-0.0013632420374272147,0.17570136528601887,0.20046965526533597,0.1551017265605451,0.2133552213514086,0.8004768290865742,0.7150521828605028,2.509414495744132,1.597415673770767,0.2005930946833298,13.0,10.0,True,False,100.0,latest_annual_pit_valid,C:\Users\python\Desktop\AI_Custom_Index\data\factors\0001069202.parquet,,,,Cooling,HVAC Equipment,,True,curated_candidate_universe,82,82,100.0,100.0,89.2,candidate_csv,Cooling,theme_quota,61,True
MYRG,Power,Electrical Construction,82,True,,0000700923,MYR GROUP INC.,2025-12-31,2026-02-25,10-K,0000700923-26-000007,2025.0,FY,annual,3657889000.0,166872000.0,118416000.0,1644079000.0,983656000.0,660423000.0,1060761000.0,795277000.0,326567000.0,94372000.0,232195000.0,0.08791597393443151,2.08553677748604,2.9128969368535835,0.04448372011468438,0.045619755000766836,0.03237277019614319,0.0735928664339441,0.1878451724047675,0.5983021497142169,1.4894332874536471,1.3338258242096779,0.20295400632291094,13.0,10.0,True,False,100.0,latest_annual_pit_valid,C:\Users\python\Desktop\AI_Custom_Index\data\factors\0000700923.parquet,,,,Power,Electrical Construction,,True,curated_candidate_universe,82,82,100.0,100.0,89.2,candidate_csv,Power,theme_quota,62,True
VIAV,Optical,Optical Test / Components,82,True,,0000912093,VIAVI SOLUTIONS INC.,2025-06-28,2025-08-11,10-K,0000912093-25-000096,2025.0,FY,annual,1084300000.0,57500000.0,34800000.0,1993800000.0,1213600000.0,780200000.0,885200000.0,589700000.0,89800000.0,27800000.0,62000000.0,0.08386645341863264,1.764423076923077,-2.3488372093023253,0.14830386453953803,0.05302960435303883,0.032094438808447846,0.018659017184525884,0.047612532494185254,0.6086869294813924,1.5554985901051013,1.5011022553840936,0.048148843194552426,13.0,10.0,True,False,100.0,latest_annual_pit_valid,C:\Users\python\Desktop\AI_Custom_Index\data\factors\0000912093.parquet,,,,Optical,Optical Test / Components,,True,curated_candidate_universe,82,82,100.0,100.0,89.2,candidate_csv,Optical,shortage_fill,63,True
EMR,Industrial Automation,Industrial Automation,88,True,,0000032604,EMERSON ELECTRIC CO,2025-09-30,2025-11-10,10-K,0000032604-25-000087,2025.0,FY,annual,18016000000.0,,2293000000.0,41964000000.0,21682000000.0,20282000000.0,8583000000.0,9797000000.0,3098000000.0,431000000.0,2667000000.0,0.0299565515664304,,0.16514227642276413,-0.051575283641459135,,0.12727575488454707,0.053195684955341604,0.10940407462188081,0.5166809646363549,1.0690267232028399,0.8760845156680617,0.07187101264354483,11.0,8.0,True,False,93.89,latest_annual_pit_valid,C:\Users\python\Desktop\AI_Custom_Index\data\factors\0000032604.parquet,,,,Industrial Automation,Industrial Automation,,True,curated_candidate_universe,88,88,92.81176470588235,84.61538461538461,88.6952,candidate_csv,Industrial Automation,theme_quota,64,True
AAON,Cooling,HVAC Equipment,86,True,,0000824142,"AAON, INC.",2025-12-31,2026-03-02,10-K,0000824142-26-000005,2025.0,FY,annual,1442076000.0,146248000.0,107593000.0,1686510000.0,791525000.0,894985000.0,869180000.0,330855000.0,534000.0,,,0.2010944208689569,-0.3006436557350396,-0.3616893787931822,0.4350418725121976,0.10141490462361206,0.0746097986513887,0.07519400757020893,0.1251396427123805,0.46932719047026106,0.8844002972116851,2.627072282419791,0.0003731990003298688,12.0,8.0,True,False,93.89,latest_annual_pit_valid,C:\Users\python\Desktop\AI_Custom_Index\data\factors\0000824142.parquet,,,,Cooling,HVAC Equipment,,True,curated_candidate_universe,86,86,92.81176470588235,92.3076923076923,88.6491,candidate_csv,Cooling,theme_quota,65,True
IRM,Data Center,Data Center / Digital Infrastructure,81,True,,0001020569,IRON MOUNTAIN INC,2025-12-31,2026-02-12,10-K,0001020569-26-000013,2025.0,FY,annual,6901737000.0,1163822000.0,152254000.0,21125019000.0,22106026000.0,-981007000.0,1934983000.0,2619496000.0,1339999000.0,2271628000.0,-931629000.0,0.12225026419090113,0.1528480395118863,-0.1710278440212124,0.12864717666157421,0.16862740495617262,0.02206024367488938,0.007642863708053389,-0.20517623468040852,1.0464381594165666,-22.534014538122562,0.7386852279980577,0.0672654230820066,13.0,9.0,True,False,100.0,latest_annual_pit_valid,C:\Users\python\Desktop\AI_Custom_Index\data\factors\0001020569.parquet,,,,Data Center,Data Center / Digital Infrastructure,,True,curated_candidate_universe,81,81,100.0,100.0,88.6,candidate_csv,Data Center,theme_quota,66,True
SPXC,Cooling,Cooling / Thermal Equipment,84,True,,0000088205,"SPX Technologies, Inc.",2025-12-31,2026-02-25,10-K,0000088205-26-000008,2025.0,FY,annual,2265100000.0,350400000.0,244000000.0,3604600000.0,1367100000.0,2237500000.0,1143700000.0,461100000.0,333300000.0,,,0.14174101517213566,0.13655530327602983,0.21695760598503733,0.327905691655922,0.15469515694671318,0.10772151339896693,0.07722618727350414,0.13473591209033933,0.3792653831215669,0.6109944134078212,2.4803730210366517,0.1054897058125366,12.0,8.0,True,False,93.89,latest_annual_pit_valid,C:\Users\python\Desktop\AI_Custom_Index\data\factors\0000088205.parquet,,,,Cooling,Cooling / Thermal Equipment,,True,curated_candidate_universe,84,84,92.81176470588235,92.3076923076923,87.4491,candidate_csv,Cooling,theme_quota,67,True
AMKR,Semiconductor,Packaging / Testing,79,True,,0001047127,"AMKOR TECHNOLOGY, INC.",2025-12-31,2026-02-20,10-K,0001047127-26-000014,2025.0,FY,annual,6707981000.0,467385000.0,373895000.0,8136309000.0,3630022000.0,4471106000.0,3884761000.0,1711972000.0,1095606000.0,904614000.0,190992000.0,0.0617771489968173,0.06598168569180407,0.05616476277640303,0.1716481421960483,0.06967595763911674,0.05573882812130804,0.049586101701141666,0.08674402896022586,0.44615095124828713,0.8118845762100027,2.269173210776812,0.14529969788411456,13.0,10.0,True,False,100.0,latest_annual_pit_valid,C:\Users\python\Desktop\AI_Custom_Index\data\factors\0001047127.parquet,,,,Semiconductor,Packaging / Testing,,True,curated_candidate_universe,79,79,100.0,100.0,87.4,candidate_csv,Semiconductor,theme_quota,68,True
DDOG,Cloud,Cloud Monitoring Platform,79,True,,0001561550,"Datadog, Inc.",2025-12-31,2026-02-18,10-K,0001628280-26-008819,2025.0,FY,annual,3427158000.0,-44373000.0,107741000.0,6643844000.0,2911638000.0,3732206000.0,5382280000.0,1591401000.0,1050135000.0,49578000.0,1000557000.0,0.2767536858183308,-1.817423181784688,-0.41364165750546955,0.1483932056531172,-0.012947462591453327,0.03143741840907247,0.01733677909481259,0.03342584249078851,0.43824599132670783,0.7801386097123256,3.382101682731128,0.16897892645075707,13.0,10.0,True,False,100.0,latest_annual_pit_valid,C:\Users\python\Desktop\AI_Custom_Index\data\factors\0001561550.parquet,,,,Cloud,Cloud Monitoring Platform,,True,curated_candidate_universe,79,79,100.0,100.0,87.4,candidate_csv,Cloud,shortage_fill,69,True
FORM,Semiconductor,Probe Cards,79,True,,0001039399,FORMFACTOR INC,2025-12-27,2026-02-20,10-K,0001039399-26-000009,2025.0,FY,annual,784993000.0,57070000.0,54361000.0,1224362000.0,188959000.0,1035403000.0,557054000.0,123861000.0,115398000.0,103658000.0,11740000.0,0.028017323228553215,-0.11901821549861069,-0.2191082253569684,0.06817830860702401,0.07270128523439062,0.06925029904725265,0.045863095777947734,0.05482230226238685,0.15433262384817562,0.18249802250911,4.497412421989165,0.0973585755704202,13.0,10.0,True,False,100.0,latest_annual_pit_valid,C:\Users\python\Desktop\AI_Custom_Index\data\factors\0001039399.parquet,,,,Semiconductor,Probe Cards,,True,curated_candidate_universe,79,79,100.0,100.0,87.4,candidate_csv,Semiconductor,theme_quota,70,True
VST,Power,Electric Power Generation,79,True,,0001692819,Vistra Corp.,2025-12-31,2026-02-27,10-K,0001692819-26-000006,2025.0,FY,annual,17586000000.0,1906000000.0,944000000.0,41550000000.0,36440000000.0,5097000000.0,9179000000.0,11814000000.0,4070000000.0,2752000000.0,1318000000.0,0.1913826976492108,-0.5329576084293066,-0.6449793155321549,0.10007942811755366,0.10838166723530081,0.05367906289093597,0.023802319717599597,0.17699446892284615,0.8770156438026474,7.149303511869728,0.7769595395293719,0.10262228946041352,13.0,10.0,True,False,100.0,latest_annual_pit_valid,C:\Users\python\Desktop\AI_Custom_Index\data\factors\0001692819.parquet,,,,Power,Electric Power Generation,,True,curated_candidate_universe,79,79,100.0,100.0,87.4,candidate_csv,Power,theme_quota,71,True
CLS,Server,Data Center Hardware Manufacturing,83,True,,0001030894,CELESTICA INC,2025-12-31,2026-02-27,10-K,0001030894-26-000011,2025.0,FY,annual,12390900000.0,1040700000.0,832500000.0,7213100000.0,4996800000.0,2216300000.0,5673200000.0,3939600000.0,659500000.0,,,0.2845635496578893,0.7365259469380945,0.9450934579439252,0.20455228616278687,0.08398905648500109,0.06718640292472702,0.12612394233901206,0.40488291223889306,0.6927395987855429,2.254568424852231,1.4400446745862525,0.09991440236946361,12.0,9.0,True,False,95.0,latest_annual_pit_valid,C:\Users\python\Desktop\AI_Custom_Index\data\factors\0001030894.parquet,,,,Server,Data Center Hardware Manufacturing,,True,curated_candidate_universe,83,83,94.11764705882352,92.3076923076923,87.1756,candidate_csv,Server,theme_quota,72,True
ADI,Semiconductor,Analog / Signal Processing,78,True,,0000006281,ANALOG DEVICES INC,2025-11-01,2025-11-25,10-K,0000006281-25-000153,2025.0,FY,annual,11019707000.0,2932496000.0,2267342000.0,47992712000.0,14176957000.0,33815755000.0,7108061000.0,3245801000.0,4812202000.0,533552000.0,4278650000.0,0.16893216056548122,0.44259095099463885,0.38652200580575835,-0.004884375197563018,0.26611379050277834,0.20575338346110292,0.04712780493245606,0.06572760997814357,0.29539812211487443,0.4192411791485951,2.1899250755052453,0.10002395631165255,13.0,9.0,True,False,100.0,latest_annual_pit_valid,C:\Users\python\Desktop\AI_Custom_Index\data\factors\0000006281.parquet,,,,Semiconductor,Analog / Signal Processing,,True,curated_candidate_universe,78,78,100.0,100.0,86.8,candidate_csv,Semiconductor,theme_quota,73,True
AME,Power,Electrical Instruments,78,True,,0001037868,AMETEK INC/,2025-12-31,2026-02-17,10-K,0001037868-26-000016,2025.0,FY,annual,7401116000.0,1910317000.0,1480142000.0,16067543000.0,5438757000.0,10628786000.0,3019842000.0,2842752000.0,1801763000.0,130248000.0,1671515000.0,0.06626193240918687,0.07347594520449419,0.07558766506506687,0.09817219663035814,0.2581120198629504,0.19998902868162044,0.09643023459746454,0.14594117852957664,0.33849338383597294,0.5117006777631989,1.0622952688099419,0.11738362182752163,13.0,10.0,True,False,100.0,latest_annual_pit_valid,C:\Users\python\Desktop\AI_Custom_Index\data\factors\0001037868.parquet,,,,Power,Electrical Instruments,,True,curated_candidate_universe,78,78,100.0,100.0,86.8,candidate_csv,Power,theme_quota,74,True
ENS,Power,Energy Storage Systems,78,True,,0001289308,EnerSys,2026-03-31,2026-05-20,10-K,0001628280-26-036900,2026.0,FY,annual,3751376000.0,426460000.0,293557000.0,4003324000.0,2094452000.0,1905284000.0,2141810000.0,804038000.0,547596000.0,80074000.0,467522000.0,0.03698523238884355,-0.0822620005767335,-0.1929371657937784,0.008077057892128536,0.11368095333552275,0.07825315297640119,0.0736232615367947,0.15363998490590527,0.5231782388834878,1.0992859857113166,2.663816884276614,0.13733552095335022,13.0,10.0,True,False,100.0,latest_annual_pit_valid,C:\Users\python\Desktop\AI_Custom_Index\data\factors\0001289308.parquet,,,,Power,Energy Storage Systems,,True,curated_candidate_universe,78,78,100.0,100.0,86.8,candidate_csv,Power,theme_quota,75,True
FFIV,Networking,Application Delivery,78,True,,0001048695,"F5, INC.",2025-09-30,2025-11-25,10-K,0001048695-25-000157,2025.0,FY,annual,3088072000.0,765949000.0,692380000.0,6319492000.0,2727493000.0,3591999000.0,2518701000.0,1612581000.0,949666000.0,43260000.0,906406000.0,0.09656974844821953,0.16301164151954706,0.2216070489680262,0.12586629191783927,0.2480346960822157,0.22421109352372612,0.11604948369561574,0.20602325981714759,0.43160004000321545,0.7593245432417993,1.5619066577120777,0.15917306823316765,13.0,9.0,True,False,100.0,latest_annual_pit_valid,C:\Users\python\Desktop\AI_Custom_Index\data\factors\0001048695.parquet,,,,Networking,Application Delivery,,True,curated_candidate_universe,78,78,100.0,100.0,86.8,candidate_csv,Networking,theme_quota,76,True
FLEX,Server,Electronics Manufacturing,78,True,,0000866374,FLEX LTD.,2026-03-31,2026-05-20,10-K,0000866374-26-000012,2026.0,FY,annual,27914000000.0,1368000000.0,880000000.0,22060000000.0,16916000000.0,5144000000.0,16332000000.0,12016000000.0,1685000000.0,633000000.0,1052000000.0,0.08139309650176263,0.1702309666381523,0.05011933174224348,0.20015233121157716,0.04900766640395501,0.03152539944114065,0.04352018990628323,0.17346737630593337,0.7668177697189483,3.288491446345257,1.3591877496671105,0.08333127271828095,13.0,10.0,True,False,100.0,latest_annual_pit_valid,C:\Users\python\Desktop\AI_Custom_Index\data\factors\0000866374.parquet,,,,Server,Electronics Manufacturing,,True,curated_candidate_universe,78,78,100.0,100.0,86.8,candidate_csv,Server,theme_quota,77,True
MKSI,Semiconductor,Process Equipment Components,78,True,,0001049502,MKS INC,2025-12-31,2026-02-24,10-K,0001193125-26-066820,2025.0,FY,annual,3931000000.0,528000000.0,295000000.0,8796000000.0,6077000000.0,2719000000.0,2510000000.0,927000000.0,645000000.0,148000000.0,497000000.0,0.09620747350808712,0.06024096385542177,0.5526315789473684,0.023981373690337593,0.13431696769269905,0.07504451793436785,0.03393535028183596,0.11704026978774053,0.6908822191905412,2.2350128723795515,2.7076591154261056,0.07419763027723456,13.0,10.0,True,False,100.0,latest_annual_pit_valid,C:\Users\python\Desktop\AI_Custom_Index\data\factors\0001049502.parquet,,,,Semiconductor,Process Equipment Components,,True,curated_candidate_universe,78,78,100.0,100.0,86.8,candidate_csv,Semiconductor,theme_quota,78,True
ON,Semiconductor,Power Semiconductor,78,True,,0001097864,ON SEMICONDUCTOR CORP,2025-12-31,2026-02-09,10-K,0001097864-26-000006,2025.0,FY,annual,5995400000.0,84200000.0,121000000.0,12524100000.0,4832200000.0,7673300000.0,5823100000.0,1287700000.0,1759800000.0,341200000.0,1418600000.0,-0.15346709402312808,-0.9523674831702212,-0.9230671414038657,-0.11112293999914835,0.014044100477032391,0.020182139640390968,0.009092992759422708,0.014693649550386467,0.3858321156809671,0.629742092711089,4.522093655354508,0.13224668312423207,13.0,10.0,True,False,100.0,latest_annual_pit_valid,C:\Users\python\Desktop\AI_Custom_Index\data\factors\0001097864.parquet,,,,Semiconductor,Power Semiconductor,,True,curated_candidate_universe,78,78,100.0,100.0,86.8,candidate_csv,Semiconductor,theme_quota,79,True
TXN,Semiconductor,Analog / Power Semiconductor,78,True,,0000097476,TEXAS INSTRUMENTS INC,2025-12-31,2026-02-06,10-K,0000097476-26-000059,2025.0,FY,annual,17682000000.0,6023000000.0,5001000000.0,34585000000.0,18312000000.0,16273000000.0,13750000000.0,3159000000.0,7153000000.0,4550000000.0,2603000000.0,0.13049037785307838,0.1021043000914914,0.04209210252135853,-0.026021571995831994,0.3406288881348264,0.2828299966067187,0.14269409649898707,0.30148299975886184,0.5294780974410872,1.12529957598476,4.352643241532131,0.2040973549804548,13.0,10.0,True,False,100.0,latest_annual_pit_valid,C:\Users\python\Desktop\AI_Custom_Index\data\factors\0000097476.parquet,,,,Semiconductor,Analog / Power Semiconductor,,True,curated_candidate_universe,78,78,100.0,100.0,86.8,candidate_csv,Semiconductor,theme_quota,80,True
EXTR,Networking,Enterprise Networking,76,True,,0001078271,EXTREME NETWORKS INC,2025-06-30,2025-08-18,10-K,0000950170-25-109742,2025.0,FY,annual,1140067000.0,16949000.0,-7467000.0,1153218000.0,1087634000.0,65584000.0,535296000.0,587875000.0,152031000.0,24713000.0,127318000.0,0.020465394382220614,-1.259946013925953,-0.9131380577916337,0.10610458145740331,0.014866670116756296,-0.0065496150664829346,-0.006801128694077635,-0.1643519028019281,0.9431295730729142,16.583831422298122,0.9105609185626196,0.1384736033868109,13.0,9.0,True,False,100.0,latest_annual_pit_valid,C:\Users\python\Desktop\AI_Custom_Index\data\factors\0001078271.parquet,,,,Networking,Enterprise Networking,,True,curated_candidate_universe,76,76,100.0,100.0,85.6,candidate_csv,Networking,theme_quota,81,True
WTS,Cooling,Water / Thermal Systems,76,True,,0000795403,WATTS WATER TECHNOLOGIES INC,2025-12-31,2026-02-23,10-K,0001104659-26-018541,2025.0,FY,annual,2438500000.0,448100000.0,340800000.0,2881200000.0,853500000.0,2027700000.0,1286100000.0,512400000.0,402000000.0,45700000.0,356300000.0,0.08271911908356278,0.147797131147541,0.1703296703296704,0.20200250312891121,0.1837605085093295,0.13975804798031577,0.12913493236330567,0.1824606488917443,0.2962307371928363,0.4209202544755141,2.509953161592506,0.15232465613277255,13.0,9.0,True,False,100.0,latest_annual_pit_valid,C:\Users\python\Desktop\AI_Custom_Index\data\factors\0000795403.parquet,,,,Cooling,Water / Thermal Systems,,True,curated_candidate_universe,76,76,100.0,100.0,85.6,candidate_csv,Cooling,theme_quota,82,True
NXPI,Semiconductor,Processor / Connectivity,75,True,,0001413447,NXP Semiconductors N.V.,2025-12-31,2026-02-19,10-K,0001413447-26-000008,2025.0,FY,annual,12269000000.0,3047000000.0,2021000000.0,26560000000.0,16504000000.0,10056000000.0,7940000000.0,3881000000.0,2820000000.0,397000000.0,2423000000.0,-0.027350562866656047,-0.10828211881767635,-0.19482071713147409,0.0891941767480009,0.24834949873665335,0.16472410139375662,0.0793404652075768,0.2100940797338739,0.6213855421686747,1.6412092283214001,2.045864467920639,0.1107076258710374,13.0,9.0,True,False,100.0,latest_annual_pit_valid,C:\Users\python\Desktop\AI_Custom_Index\data\factors\0001413447.parquet,,,,Semiconductor,Processor / Connectivity,,True,curated_candidate_universe,75,75,100.0,100.0,85.0,candidate_csv,Semiconductor,theme_quota,83,True
QCOM,Semiconductor,Processor,79,True,,0000804328,QUALCOMM INC/DE,2025-09-28,2025-11-05,10-K,0000804328-25-000085,2025.0,FY,annual,44284000000.0,12355000000.0,5541000000.0,50143000000.0,28937000000.0,21206000000.0,25754000000.0,9144000000.0,14012000000.0,,,0.13659463066577682,0.22678979247343856,-0.45365805561033323,-0.0908546977553758,0.27899467076144885,0.1251241983560654,0.10524516367987692,0.23340353833192923,0.5770895239614702,1.364566632085259,2.8164916885389326,0.2661424352070809,12.0,9.0,True,False,95.0,latest_annual_pit_valid,C:\Users\python\Desktop\AI_Custom_Index\data\factors\0000804328.parquet,,,,Semiconductor,Processor,,True,curated_candidate_universe,79,79,94.11764705882352,92.3076923076923,84.7756,candidate_csv,Semiconductor,theme_quota,84,True
UMC,Semiconductor,Foundry,74,True,,0001033767,UNITED MICROELECTRONICS CORP,2024-12-31,2025-04-24,20-F,0001193125-25-092142,2024.0,FY,annual,232302584000.0,51612570000.0,48674626000.0,560168955000.0,194462244000.0,365706711000.0,189677884000.0,77399343000.0,93872042000.0,88543595000.0,5328447000.0,0.04390173142859721,-0.10844738843109769,-0.19063307429734522,0.02486772619004829,0.2221782001357333,0.20953114322654284,0.08795990293659008,0.13722300915755026,0.3471492703482648,0.5317437119714218,2.450639458270337,0.16963614066145075,13.0,10.0,True,False,100.0,latest_annual_pit_valid,C:\Users\python\Desktop\AI_Custom_Index\data\factors\0001033767.parquet,,,,Semiconductor,Foundry,,True,curated_candidate_universe,74,74,100.0,100.0,84.4,candidate_csv,Semiconductor,theme_quota,85,True
JBL,Server,Data Center Manufacturing,84,True,,0000898293,JABIL INC,2025-08-31,2025-10-17,10-K,0001628280-25-045293,2025.0,FY,annual,29802000000.0,1182000000.0,657000000.0,18543000000.0,17026000000.0,1513000000.0,13720000000.0,13714000000.0,1640000000.0,468000000.0,1172000000.0,,,,,0.039661767666599554,0.022045500301993155,0.035431160006471445,0.43423661599471247,0.9181901526182387,11.253139458030404,1.0004375091147732,0.08844307825055277,9.0,10.0,True,False,95.0,latest_annual_pit_valid,C:\Users\python\Desktop\AI_Custom_Index\data\factors\0000898293.parquet,,,,Server,Data Center Manufacturing,,True,curated_candidate_universe,84,84,94.11764705882352,69.23076923076923,84.314,candidate_csv,Server,theme_quota,86,True
COHU,Semiconductor,Test / Inspection Equipment,73,True,,0000021535,COHU INC,2025-12-27,2026-02-17,10-K,0001437749-26-004339,2025.0,FY,annual,452956000.0,-69769000.0,-74273000.0,1242982000.0,457443000.0,785539000.0,749990000.0,109078000.0,31692000.0,20958000.0,10734000.0,0.12737599526107646,-0.02649718144778701,0.06380875991864565,0.2437095700985077,-0.154030413550102,-0.16397398422804865,-0.06624429126510605,-0.09044281948089111,0.3680206149405221,0.5823300943683254,6.875721960431984,0.028266181233742287,13.0,9.0,True,False,100.0,latest_annual_pit_valid,C:\Users\python\Desktop\AI_Custom_Index\data\factors\0000021535.parquet,,,,Semiconductor,Test / Inspection Equipment,,True,curated_candidate_universe,73,73,100.0,100.0,83.8,candidate_csv,Semiconductor,theme_quota,87,True
MCHP,Semiconductor,MCU / Connectivity,73,True,,0000827054,MICROCHIP TECHNOLOGY INC,2026-03-31,2026-05-21,10-K,0000827054-26-000016,2026.0,FY,annual,4713100000.0,490100000.0,230000000.0,14370100000.0,7937700000.0,6432400000.0,2377600000.0,1136300000.0,962100000.0,91100000.0,871000000.0,0.07076972010178118,0.6540668241646979,-461.0,-0.06533503310655242,0.10398676030638009,0.04880015276569562,0.015464939972499302,0.03404708860384732,0.552376114292872,1.2340184068154965,2.0924051746897825,0.06469051629365904,13.0,9.0,True,False,100.0,latest_annual_pit_valid,C:\Users\python\Desktop\AI_Custom_Index\data\factors\0000827054.parquet,,,,Semiconductor,MCU / Connectivity,,True,curated_candidate_universe,73,73,100.0,100.0,83.8,candidate_csv,Semiconductor,theme_quota,88,True
UI,Networking,Network Equipment,73,True,,0001511737,Ubiquiti Inc.,2025-06-30,2025-08-22,10-K,0001511737-25-000053,2025.0,FY,annual,2573545000.0,836280000.0,711922000.0,1466451000.0,798191000.0,668260000.0,1173222000.0,710855000.0,640027000.0,12586000.0,627441000.0,0.33448708575102803,0.6759218993300562,1.0342953480397759,0.27030124426981006,0.32495254600172135,0.27663087297871225,0.5432729600898635,1.8653303987842582,0.5443011733770852,1.1944318079789304,1.6504378530079975,0.48840935218666526,13.0,10.0,True,False,100.0,latest_annual_pit_valid,C:\Users\python\Desktop\AI_Custom_Index\data\factors\0001511737.parquet,,,,Networking,Network Equipment,,True,curated_candidate_universe,73,73,100.0,100.0,83.8,candidate_csv,Networking,theme_quota,89,True
AMT,Data Center,Digital Infrastructure REIT,72,True,,0001053507,AMERICAN TOWER CORP /MA/,2025-12-31,2026-02-24,10-K,0001053507-26-000035,2025.0,FY,annual,935900000.0,4845800000.0,2628500000.0,63190400000.0,52835100000.0,3652500000.0,2741800000.0,6913800000.0,5464000000.0,1680400000.0,3783600000.0,0.2082365091660212,0.07291043949961251,0.15274975879308839,0.03459544774335521,5.177689924137194,2.8085265519820495,0.042303798731449335,0.7472955492060784,0.8361254241150554,14.465462012320328,0.3965691804796205,0.08793911214329053,13.0,10.0,True,False,100.0,latest_annual_pit_valid,C:\Users\python\Desktop\AI_Custom_Index\data\factors\0001053507.parquet,,,,Data Center,Digital Infrastructure REIT,,True,curated_candidate_universe,72,72,100.0,100.0,83.2,candidate_csv,Data Center,theme_quota,90,True
CALX,Networking,Broadband Network Platform,72,True,,0001406666,"CALIX, INC",2025-12-31,2026-02-20,10-K,0001406666-26-000005,2025.0,FY,annual,1000010000.0,20990000.0,17884000.0,1058522000.0,199303000.0,859219000.0,691553000.0,163248000.0,134953000.0,19435000.0,115518000.0,0.20263181314174794,-1.4877538690337873,-1.6012034827041384,0.1269660277642033,0.02098979010209898,0.017883821161788382,0.017903792642766578,0.021807641820091834,0.18828423027579966,0.23195832494393165,4.236211163383318,0.1351023556541757,13.0,10.0,True,False,100.0,latest_annual_pit_valid,C:\Users\python\Desktop\AI_Custom_Index\data\factors\0001406666.parquet,,,,Networking,Broadband Network Platform,,True,curated_candidate_universe,72,72,100.0,100.0,83.2,candidate_csv,Networking,theme_quota,91,True
SANM,Server,Electronics Manufacturing,72,True,,0000897723,SANMINA CORP,2025-09-27,2025-11-13,10-K,0000897723-25-000042,2025.0,FY,annual,8128382000.0,354568000.0,245893000.0,5858173000.0,3319010000.0,2539163000.0,4865458000.0,2822015000.0,620657000.0,147357000.0,473300000.0,0.07399969980159415,0.056853475770058504,0.1049582988819786,0.21467163054172378,0.04362098139580546,0.030251161916356784,0.04604298953526714,0.10035074788738113,0.5665605983298888,1.307127584956145,1.7241077740550634,0.11621682502547978,13.0,9.0,True,False,100.0,latest_annual_pit_valid,C:\Users\python\Desktop\AI_Custom_Index\data\factors\0000897723.parquet,,,,Server,Electronics Manufacturing,,True,curated_candidate_universe,72,72,100.0,100.0,83.2,candidate_csv,Server,theme_quota,92,True
ERIC,Networking,Telecom Network Equipment,70,True,,0000717826,ERICSSON LM TELEPHONE CO,2025-12-31,2026-03-12,20-F,0001193125-26-104149,2025.0,FY,annual,236681000000.0,38634000000.0,28714000000.0,279223000000.0,168959000000.0,110264000000.0,143554000000.0,110937000000.0,32954000000.0,2630000000.0,30324000000.0,-0.045179118928513784,7.957570136795734,75.77540106951872,-0.04498005978643793,0.16323236761717247,0.1213194130496322,0.10046938664828542,0.2825527560062387,0.6051041640552534,1.5323133570340275,1.294013719498454,0.11530501384716854,13.0,9.0,True,False,100.0,latest_annual_pit_valid,C:\Users\python\Desktop\AI_Custom_Index\data\factors\0000717826.parquet,,,,Networking,Telecom Network Equipment,,True,curated_candidate_universe,70,70,100.0,100.0,82.0,candidate_csv,Networking,theme_quota,93,True
NRG,Power,Electric Power Generation,70,True,,0001013871,"NRG ENERGY, INC.",2025-12-31,2026-02-24,10-K,0001013871-26-000004,2025.0,FY,annual,30347000000.0,1845000000.0,864000000.0,29140000000.0,27459000000.0,1681000000.0,13147000000.0,8029000000.0,1913000000.0,1147000000.0,766000000.0,0.09366440824563926,-0.23886138613861385,-0.23199999999999998,0.21305469985846304,0.06079678386660955,0.028470689030217156,0.03250442045069787,0.4154844914642943,0.9423129718599863,16.33491969066032,1.637439282600573,0.0719686994469734,13.0,10.0,True,False,100.0,latest_annual_pit_valid,C:\Users\python\Desktop\AI_Custom_Index\data\factors\0001013871.parquet,,,,Power,Electric Power Generation,,True,curated_candidate_universe,70,70,100.0,100.0,82.0,candidate_csv,Power,theme_quota,94,True
CDW,Server,IT Infrastructure Distribution,68,True,,0001402057,CDW Corp,2025-12-31,2026-02-20,10-K,0001402057-26-000011,2025.0,FY,annual,22424100000.0,1655600000.0,1066600000.0,16028200000.0,13422100000.0,2606100000.0,8500500000.0,7226100000.0,1205200000.0,117100000.0,1088100000.0,0.06788039259573209,0.0026040089626355734,-0.010391538318797577,0.09195825158055371,0.07383127973920915,0.0475648966959655,0.06947040701347593,0.43018472211018793,0.8374053231180045,5.150262844863973,1.1763606924897247,0.07849778223574085,13.0,9.0,True,False,100.0,latest_annual_pit_valid,C:\Users\python\Desktop\AI_Custom_Index\data\factors\0001402057.parquet,,,,Server,IT Infrastructure Distribution,,True,curated_candidate_universe,68,68,100.0,100.0,80.8,candidate_csv,Server,theme_quota,95,True
SO,Power,Electric Utility,68,True,,0000092122,SOUTHERN CO,2025-12-31,2026-02-19,10-K,0000092122-26-000006,2025.0,FY,annual,29553000000.0,7285000000.0,4341000000.0,155720000000.0,116853000000.0,36016000000.0,10917000000.0,16888000000.0,9802000000.0,12737000000.0,-2935000000.0,0.1058599012123933,0.030701754385964897,0.01901408450704234,0.07259953161592514,0.24650627685852536,0.14688864074713226,0.02885343968095713,0.12541892985091876,0.750404572309273,3.244474677920924,0.646435338702037,0.06515121302758392,13.0,10.0,True,False,100.0,latest_annual_pit_valid,C:\Users\python\Desktop\AI_Custom_Index\data\factors\0000092122.parquet,,,,Power,Electric Utility,,True,curated_candidate_universe,68,68,100.0,100.0,80.8,candidate_csv,Power,theme_quota,96,True
IBM,Server,Enterprise Computing,74,True,,0000051143,INTERNATIONAL BUSINESS MACHINES CORP,2025-12-31,2026-02-24,10-K,0000051143-26-000010,2025.0,FY,annual,67535000000.0,,10593000000.0,151880000000.0,119139000000.0,32648000000.0,36944000000.0,38658000000.0,13193000000.0,1091000000.0,12102000000.0,0.07620352811817765,,0.7587580939731031,0.10719883360670668,,0.15685200266528468,0.07329400979052429,0.35336502376782586,0.7844284961811957,3.649197500612595,0.9556624760722231,0.0912836657383543,11.0,9.0,True,False,95.0,latest_annual_pit_valid,C:\Users\python\Desktop\AI_Custom_Index\data\factors\0000051143.parquet,,,,Server,Enterprise Computing,,True,curated_candidate_universe,74,74,94.11764705882352,84.61538461538461,80.6217,candidate_csv,Server,theme_quota,97,True
VNET,Data Center,Data Center Operator,84,True,,0001508475,"VNET Group, Inc.",2025-12-31,2026-04-16,20-F,0001104659-26-044361,2025.0,FY,annual,,780300000.0,-251842000.0,44594162000.0,36029690000.0,6218444000.0,11451866000.0,12447213000.0,1918550000.0,7656631000.0,-5738081000.0,,0.1655958759745042,-2.374683406113537,0.3781903178912336,,,-0.006545498625336648,-0.04002465285437207,0.8079463405994713,5.794004094915063,0.920034549099465,0.04986406710413524,10.0,9.0,True,True,77.0,latest_annual_pit_valid,C:\Users\python\Desktop\AI_Custom_Index\data\factors\0001508475.parquet,,,,Data Center,Data Center Operator,,True,curated_candidate_universe,84,84,72.94117647058823,76.92307692307693,80.1738,candidate_csv,Data Center,theme_quota,98,True
NOK,Networking,Telecom Network Equipment,70,True,,0000924613,NOKIA CORP,2025-12-31,2026-03-05,20-F,0001628280-26-015034,2025.0,FY,annual,19889000000.0,885000000.0,660000000.0,37597000000.0,16539000000.0,21058000000.0,15792000000.0,10004000000.0,2071000000.0,,,0.03480749219562962,-0.5572786393196598,-0.485981308411215,-0.03964341362486912,0.044496958117552415,0.03318417215546282,0.017199593464154485,0.03157517043415859,0.439902119849988,0.7854022224332795,1.5785685725709717,0.053970239491309,12.0,9.0,True,False,95.0,latest_annual_pit_valid,C:\Users\python\Desktop\AI_Custom_Index\data\factors\0000924613.parquet,,,,Networking,Telecom Network Equipment,,True,curated_candidate_universe,70,70,94.11764705882352,92.3076923076923,79.3756,candidate_csv,Networking,theme_quota,99,True
NTAP,Storage,Enterprise Data Storage,92,True,,0001002047,"NetApp, Inc.",2026-05-21,2026-06-05,10-K,0001193125-26-259683,2026.0,FY,annual,,,,,,,,,,,,,,,,,,,,,,,,0.0,0.0,True,True,15.0,latest_annual_pit_valid,C:\Users\python\Desktop\AI_Custom_Index\data\factors\0001002047.parquet,,,,Storage,Enterprise Data Storage,,True,curated_candidate_universe,92,92,0.0,0.0,55.2,candidate_csv,Storage,theme_quota,100,True
